Commercial,Commercial Demand
537 BAY ST,0 US 31 NORTH & N FOUR MILE
1413 WOODMERE AVE,141 RIVERS EDGE DR
13920 S WEST BAY SHORE DR,1225 W FRONT ST
508 MUNSON AVE,202 E STATE ST
907 1/2 WOODMERE AVE,125 E EIGHTH ST
822 CASS ST,1234 HASTINGS ST
1719 S GARFIELD AVE,545 E EIGHTH ST
1501 CASS ST,202 E FRONT ST
1897 US 31 NORTH,1125 CENTRE ST
1240 E EIGHTH ST,161 E GRANDVIEW PKWY
435 BAY ST,1794 BARLOW ST
134 1/2 E FRONT ST,1050 PENINSULA DR
1505 PREMIER ST,800 COTTAGEVIEW DR STE
507 BAY ST,701 BAY ST
13842 S WINDCREST CT,520 FRANKLIN ST
156 E FRONT ST,3950 SCENIC RIDGE
206 S OAK ST,117 S UNION ST
817 BAY ST,302 W FRONT ST
1117 WEST CIVIC CENTER DR,2475 N AERO PARK CT
934 WOOD AVE,1210 WOODMERE AVE
134 E FRONT ST,447 MUNSON AVE
130 HALL ST,1401 US 31 NORTH
855 E FRONT ST,1135 WOODMERE AVE
145 E FRONT ST,748 E EIGHTH ST
884 ROBINWOOD CT,222 E FRONT ST
2702 AERO PARK DR,101 W FRONT ST
125 E STATE ST,212 E FRONT ST
720 MUNSON AVE,610 WOODMERE AVE
215 WASHINGTON ST,531 W FOURTEENTH ST
3943 SUMAC DR,238 E FRONT ST
232 1/2 E FRONT ST,1407 S DIVISION ST
725 S GARFIELD AVE,539 W FRONT ST
602 WOODMERE AVE,933 ROSE ST
730 CENTRE PL,105 HALL ST
911 W ELEVENTH ST,1670 BARLOW ST
2823 CASS RD,3211 N GARFIELD RD
441 E FRONT ST,525 W FRONT ST
723 WOODMERE AVE,3850 SCENIC RIDGE
319 FRANKLIN ST,2487 RICE ST
1600 EASTERN AVE,860 E FRONT ST
112 W FOURTEENTH ST,2604 W SOUTH AIRPORT RD
1235 E FRONT ST,3980 N US 31 SOUTH
116 CASS ST,1123 E EIGHTH ST
691 PARSONS RD,305 W FRONT ST
2366 CASS RD,736 E EIGHTH ST
1019 E EIGHTH ST,2325 SYBRANDT RD
537 BAY ST GAR.,735 S GARFIELD AVE
115 GILLIS ST,1220 E FRONT ST
114 1/2 E FRONT ST,321 B W THIRTEENTH ST
0 PARK ST HOLIDAY LIGHTS,1029 HANNAH AVE
914 E EIGHTH ST,1600 BARLOW ST
416 E FRONT ST,124 COCHLIN ST
409 E EIGHTH ST,13919 S WEST BAY SHORE DR
502 E EIGHTH ST,880 PARSONS RD
509 ROSE ST,315 E FRONT ST
710 COTTAGEVIEW DR,505 W FRONT ST
703 PARSONS RD,1060 E FRONT ST
124 CASS ST,1247 BOON ST
140 E FRONT ST,887 LYNCH DR
314 MUNSON AVE,800 COTTAGEVIEW DR STE
3221 RACQUET CLUB DR,1244 CARVER ST
1429 BARLOW ST UNIT,810 COTTAGEVIEW DR
2819 CASS RD,441 E FRONT ST
2811 CASS RD,1142 BARLOW ST
517 E EIGHTH ST,300 E FRONT ST
140 E FRONT ST,1500 US 31 NORTH
1313 W SOUTH AIRPORT RD,1545 S DIVISION ST
1153 S GARFIELD AVE,519 W FRONT ST
3969 SUMAC DR,724 MUNSON AVE
601 FITZHUGH DR,320 SIXTH ST
401 S GARFIELD AVE,1010 S GARFIELD AVE
1760 FOREST RIDGE DR,833 E FRONT ST
606 STATION ST,521 COTTAGEVIEW DR
1125 WEST CIVIC CENTER DR,835 LYNCH DR
913 BARLOW ST,1150 AIRPORT ACCESS RD
531 S UNION ST,234 E FRONT ST
0 W S AIRPORT RD,333 W GRANDVIEW PKWY -3RD
1401 WOODMERE AVE,400 W FRONT ST
1645 W SOUTH AIRPORT RD,3900 N US 31 SOUTH
100 PARK ST,2950 LAFRANIER RD
1131 S GARFIELD AVE,1331 S GARFIELD AVE
0 SIXTH & UNION,907 WOODMERE AVE
619 E EIGHTH ST,402 E FRONT ST
2244 CASS RD,908 E EIGHTH ST
315 N DIVISION ST,830 E FRONT ST
1026 RED DR,10850 EAST TRAVERSE HWY
140 RIVERS EDGE DR,1120 CARVER ST
10753 PINE BLUFF DR,260 E TENTH ST
535 W FRONT ST,412 WEBSTER ST
720 FITZHUGH DR,2779 AERO PARK DR
6619 MISSION RIDGE,820 RED DR
225 GARLAND ST,2651 AERO PARK DR
144 HALL ST,700 COTTAGEVIEW DR
3139 N KEYSTONE RD,717 RANDOLPH ST
715 E STATE ST STE,125 PARK ST
2000 RANDOLPH ST,815 S GARFIELD AVE
853 E FRONT ST,315 E FRONT ST
441 E FRONT ST,1319 S DIVISION ST
800 WESTMINSTER RD,821 S GARFIELD AVE
124 MUNSON AVE,1331 1/2 S GARFIELD AVE
0 E F HUTTON PARKING LOT,109 E FRONT ST
1265 US 31 NORTH,121 RIVERS EDGE DR
107 CASS ST,140 RIVERS EDGE DR
440 W FRONT ST,215 WASHINGTON ST
322 S UNION ST,1566 US 31 NORTH
113 E STATE ST,127 E FRONT ST
807 LAKE AVE,115 E FOURTEENTH ST
1239 WOODMERE AVE,708 BOON ST
1200 W ELEVENTH ST MECH,819 S GARFIELD AVE
525 W FOURTEENTH ST,700 COTTAGEVIEW DR
104 E FRONT ST,202 E GRANDVIEW PKWY
13818 S WEST BAY SHORE DR,2314 SYBRANDT RD
921 W ELEVENTH ST,1175 AIRPORT ACCESS RD
202 BOARDMAN AVE,1417 WOODMERE AVE
934 S GARFIELD AVE,1780 BARLOW ST
600 E FRONT ST,1238 S GARFIELD AVE
548 E FRONT ST,440 MUNSON AVE
1161 HASTINGS ST,1645 W SOUTH AIRPORT RD
333 W GRANDVIEW PKWY,409 W FOURTEENTH ST
750 MUNSON AVE,3828 N US 31 SOUTH
1659 S GARFIELD AVE,230 E FRONT ST
630 S GARFIELD AVE,626 E EIGHTH ST
1027 E EIGHTH ST,941 HASTINGS ST
619 E EIGHTH ST,161 E FRONT ST
1832 OAK HOLLOW DR,1190 AIRPORT ACCESS RD
0 UNION ST & PARKWAY,221 E STATE ST
3130 LOGAN VALLEY RD,1567 W SOUTH AIRPORT RD
3950 SCENIC RIDGE,1501 CASS ST
1142 E EIGHTH ST,101 W GRANDVIEW PKWY
440 MUNSON AVE,448 E FRONT ST
216 CASS ST,155 GARLAND ST
920 HASTINGS ST STE,1209 E FRONT ST
223 E FRONT ST,209 N UNION ST
148 E FRONT ST,229 E FRONT ST
927 WOODMERE AVE,625 S GARFIELD AVE
2936 GLEN DR,709 RANDOLPH ST
429 MUNSON PL,935 BARLOW ST
436 W FRONT ST,617 RANDOLPH ST
157 E FRONT ST,3742 W FRONT ST
135 MUNSON AVE,830 COTTAGEVIEW DR
134 E FRONT ST,2707 AERO PARK DR
108 S UNION ST,511 E FRONT ST
804 S GARFIELD AVE,3639 MARKETPLACE CR
920 HASTINGS ST STE,1131 HASTINGS ST
1214 S GARFIELD AVE,305 W FRONT ST 4TH
461 MUNSON AVE,2830 AERO PARK DR
1466 NEWPORT ST,2238 TRAVERSEFIELD DR
1580 W SOUTH AIRPORT RD,2531 AERO PARK DR
818 RED DR STE,111 CASS ST
697 HANNAH AVE,1015 S UNION ST
109 E FRONT ST,114 S UNION ST
2465 N AERO PARK CT OFFIC,2458 N AERO PARK CT
1500 BARLOW ST,1020 SIXTH ST
120 E FRONT ST,2475 AERO PARK CT
210 E FRONT ST,202 S UNION ST
327 W FOURTEENTH ST,1001 S OAK ST
610 WOODMERE AVE,739 HASTINGS ST
400 W FRONT ST,214 E FRONT ST
120 E FRONT ST,240 E FRONT ST
721 INDIAN TRAIL BLVD,140 RIVERS EDGE DR
955 E EIGHTH ST,738 MUNSON AVE
1128 S GARFIELD AVE,3950 SCENIC RIDGE
1023 S DIVISION ST,1492 US 31 NORTH
1003 E FRONT ST,2830 N US 31 SOUTH
346 E FRONT ST,230 MUNSON AVE
894 MUNSON AVE,852 S GARFIELD AVE
403 E STATE ST,826 W FRONT ST
1773 US 31 NORTH,1124 S GARFIELD AVE
100 HOPE ST STE,810 HASTINGS ST
940 E EIGHTH ST,975 W SOUTH AIRPORT RD
1142 E EIGHTH ST,748 MUNSON AVE STE
2291 TRAVERSEFIELD DR,225 E FRONT ST
841 FERN ST,1614 US 31 NORTH
521 COTTAGEVIEW DR,329 E STATE ST
207 E FRONT ST,509 MUNSON AVE
1433 BARLOW ST UNIT,154 E FRONT ST
140 E FRONT ST,406 S UNION ST
325 WASHINGTON ST,745 S GARFIELD AVE
440 MUNSON AVE,630 COTTAGEVIEW DR
1508 NEWPORT ST HOUSE,1202 VETERANS DR
541 W FRONT ST,1773 US 31 NORTH
870 E FRONT ST,3745 N US 31 SOUTH
800 COTTAGEVIEW DR STE,3811 MARKETPLACE CR
315 N DIVISION ST,3950 SUMAC DR
145 E FRONT ST,235 E FRONT ST
100 PARK ST,110 S MADISON ST
1116 CARVER ST,620 RAILROAD PL
100 HOPE ST STE,212 1/2 E FRONT ST
333 W GRANDVIEW PKWY,1501 CASS ST
0 E FRONT ST/BARLOW ST,720 MUNSON AVE
4246 N THREE MILE RD,3186 CASS RD
326 E FRONT ST,3000 N GARFIELD RD
638 E EIGHTH ST,1725 S UNION ST CLUB
414 E FRONT ST,333 W GRANDVIEW PKWY
104 S UNION ST,324 S UNION ST
539 S GARFIELD AVE,925 AIRPORT ACCESS RD
111 E FRONT ST,107 CASS ST
3417 CASS RD,830 E FRONT ST
838 FLORESTA ST,513 W FRONT ST
1115 E EIGHTH ST,1029 CARVER ST
1216 CENTRE ST,515 S GARFIELD AVE
1415 PREMIER ST,745 S GARFIELD AVE
148 E FRONT ST,2640 AERO PARK DR
3007 N GARFIELD RD,902 W FRONT ST
110 E FRONT ST,803 WOODMERE AVE
322 E FRONT ST,121 RIVERS EDGE DR
113 S PARK ST,2800 N US 31 SOUTH
415 E FRONT ST #P1A,125 PARK ST
1047 W SOUTH AIRPORT RD,315 E FRONT ST
131 E STATE ST,1701 E FRONT ST
124 BEECH ST,161 E FRONT ST
537 BAY ST,1941 US 31 NORTH
801 WOODMERE AVE,509 W FRONT ST
6004 CENTER RD,144 HALL ST
300 E FRONT ST,1083 W SOUTH AIRPORT RD
0 EIGHTH & MUNSON AVE,1209 S GARFIELD AVE
717 WOODMERE AVE,125 PARK ST
151 E FRONT ST,1249 WOODMERE AVE
812 W FRONT ST,2464 CASS RD
928 E FRONT ST,1779 S GARFIELD AVE
140 E FRONT ST,115 E FRONT ST
3134 LOGAN VALLEY RD,1702 BARLOW ST
545 RIVERINE DR,806 RED DR STE
2314 SYBRANDT RD,121 RIVERS EDGE DR
2296 CASS RD,305 W FRONT ST 1ST
128 S UNION ST PANEL,2351 CASS RD
630 S GARFIELD AVE,1600 EASTERN AVE
807 LAKE AVE,1227 E FRONT ST
332 E FRONT ST,250 E FRONT ST
313 E FRONT ST,2600 MILLER CREEK DR
1128 E EIGHTH ST,125 PARK ST
1043 W SOUTH AIRPORT RD,1661 PARK DR
1525 CASS ST,400 E EIGHTH ST MAIN
305 W FRONT ST 2ND,2575 AERO PARK DR
516 SHERIDAN RD,2676 CASS RD
530 S UNION ST,727 W FRONT ST
3950 SCENIC RIDGE,1010 E FRONT ST
104 E GRANDVIEW PKWY CFEST,205 LAKE AVE
2670 AERO PARK DR,1197 W SOUTH AIRPORT RD
225 E FOURTEENTH ST,160 E FRONT ST
911 LYNCH DR,1221 E FRONT ST
510 DEPOT VIEW DR,301 SEVENTH ST
517 W FRONT ST,1110 E EIGHTH ST
1026 HANNAH AVE,1116 E EIGHTH ST
104 S UNION ST,2550 AERO PARK DR
876 E EIGHTH ST,158 E FRONT ST
191 MARINA DR DCFC,504 MUNSON AVE
921 W SOUTH AIRPORT RD,3975 N THREE MILE RD
1606 BARLOW ST,3300 N US 31 SOUTH
1401 US 31 NORTH,525 COTTAGE ARBOR LN
830 COTTAGEVIEW DR STE,DAVID
1373 BARLOW ST,707 PARSONS RD
525 GEORGETOWN DR,3950 SCENIC RIDGE
940 E EIGHTH ST,706 W FRONT ST
1606 BARLOW ST,460 MUNSON AVE
3287 RACQUET CLUB DR,415 S ELMWOOD AVE
1489 US 31 NORTH,1015 RED DR
233 E TWELFTH ST,229 LAKE AVE
126 BOARDMAN AVE,424 E FRONT ST
720 S GARFIELD AVE,1686 S GARFIELD AVE
1515 CASS ST,1241 E EIGHTH ST
3141 LOGAN VALLEY RD,3680 CASS RD
1125 WEST CIVIC CENTER DR,728 MUNSON AVE
237 LAKE AVE STE,901 E FRONT ST
537 BAY ST,1001 W ELEVENTH ST
431 MUNSON AVE,807 AIRPORT ACCESS RD
748 E STATE ST,1323 W SOUTH AIRPORT RD
148 E FRONT ST,135 E STATE ST
3643 W FRONT ST,120 W FRONT ST
2823 CASS RD,2155 TRAVERSEFIELD DR
843 S GARFIELD AVE,440 E FRONT ST
0 MUNSON AVE & N THREE MILE,3950 SCENIC RIDGE
803 W FRONT ST,333 W GRANDVIEW PKWY STE
1129 E EIGHTH ST,800 S GARFIELD AVE
309 CASS ST,1104 E FRONT ST
845 S GARFIELD AVE,1532 US 31 NORTH
736 E EIGHTH ST,2699 CASS RD
12868 S WEST BAY SHORE DR,720 S ELMWOOD AVE
534 E FRONT ST,2397 TRAVERSEFIELD DR
116 S UNION ST,3536 N US 31 SOUTH
853 E FRONT ST,1492 US 31 NORTH
539 S GARFIELD AVE,501 E EIGHTH ST
2040 CASS RD,141 RIVERS EDGE DR
150 PINE ST,1150 MILLIKEN DR
660 HANNAH AVE,524 W FOURTEENTH ST
868 ROBINWOOD CT,521 RANDOLPH ST
647 E EIGHTH ST,511 S GARFIELD AVE
10101 EAST TRAVERSE HWY,2360 W SOUTH AIRPORT RD
3003 N GARFIELD RD,950 WOODMERE AVE
13766 S WEST BAY SHORE DR,2751 N US 31 SOUTH
845 ROBINWOOD CT,800 HASTINGS ST
223 E STATE ST,2801 N US 31 SOUTH
1100 WOODMERE AVE,924 HASTINGS ST
1669 S GARFIELD AVE,101 N PARK ST
511 1/2 E EIGHTH ST,144 W SOUTH AIRPORT RD
10497 W M 72,1371 W SOUTH AIRPORT RD
504 BARLOW ST,415 MUNSON AVE
201 S GARFIELD AVE,218 W FOURTEENTH ST
853 E FRONT ST,625 WOODMERE AVE
1235 WOODMERE AVE,144 W SOUTH AIRPORT RD
13031 S FISHERMAN COVE,129 E FRONT ST
431 MUNSON AVE,734 MUNSON AVE SUITE
3183 LOGAN VALLEY RD,315 E FRONT ST
853 E FRONT ST,3055 CASS RD
1011 E EIGHTH ST,160 E FRONT ST
894 MUNSON AVE,2470 N AERO PARK CT
13740 S WEST BAY SHORE DR,1201 S GARFIELD AVE
1057 W SOUTH AIRPORT RD,2314 SYBRANDT RD
1844 OAK HOLLOW DR,1501 CASS ST
704 BAY HILL DR,1331 S GARFIELD AVE
502 E FRONT ST,735 S GARFIELD AVE
828 CENTRE ST,440 W FRONT ST
726 HASTINGS ST,845 E SOUTH AIRPORT RD
808 S GARFIELD AVE,3375 WRIGHT DR
707 S GARFIELD AVE STE,1230 WOODMERE AVE
1012 SIXTH ST,1396 W SOUTH AIRPORT RD
140 E FRONT ST,701 W FRONT ST
1026 RED DR,2577 N US 31 SOUTH
1126 BARLOW ST,317 E FRONT ST
2944 GLEN DR,241 E STATE ST
1239 US 31 NORTH,1795 BARLOW ST
1832 OAK HOLLOW DR,201 E SEVENTEENTH ST
966 W SOUTH AIRPORT RD,844 E FRONT ST
750 W ELEVENTH ST,3950 SCENIC RIDGE
695 PARSONS RD,1115 S GARFIELD AVE
115 FRANKLIN ST,141 RIVERS EDGE DR
440 MUNSON AVE,472 MUNSON AVE
874 E FRONT ST,3675 MARKETPLACE CR
429 W FOURTEENTH ST,795 LYNCH DR
534 E EIGHTH ST,1881 COLLEGE DR
346 E FRONT ST,144 W SOUTH AIRPORT RD
140 E FRONT ST,3587 MARKETPLACE CR
0 AIRPORT ACCESS RD & PARSO,905 E EIGHTH ST
876 E FRONT ST,1122 E EIGHTH ST
800 COTTAGEVIEW DR STE,420 E FRONT ST
1323 CASS ST,101 E FRONT ST
124 N DIVISION ST,538 W FOURTEENTH ST
1157 HASTINGS ST,701 W FRONT ST
402 S UNION ST,1117 W SOUTH AIRPORT RD UNIT
1160 AIRPORT ACCESS RD STE,839 S GARFIELD AVE
905 HASTINGS ST,626 W FRONT ST
839 S GARFIELD AVE,827 S UNION ST
1073 W SOUTH AIRPORT RD,1319 W SOUTH AIRPORT RD
124 N MAPLE ST,111 E GRANDVIEW PKWY
2296 CASS RD,1139 E FRONT ST
112 E FRONT ST STE,1011 LAKE RIDGE DR
430 FAIR ST,1100 S GARFIELD AVE
210 N UNION ST,520 E FRONT ST
1515 CASS ST,731 FITZHUGH DR
0 7TH/UNION HOLIDAY LIGHTS,1145 HASTINGS ST
817 BAY ST,115 HALL ST
405 S UNION ST,1576 PREMIER ST
3135 LOGAN VALLEY RD,1020 HASTINGS ST
939 WOODMERE AVE,2600 W SOUTH AIRPORT RD
1489 US 31 NORTH,303 E STATE ST
1171 HASTINGS ST,851 S GARFIELD AVE
413 E EIGHTH ST,221 E FRONT ST
1050 PINE ST,3020 CASS RD
109 E FRONT ST 306,748 MUNSON AVE STE
804 W FRONT ST,2392 CASS RD
231 E STATE ST,1421 WOODMERE AVE
415 CASS ST STE,1000 HASTINGS ST
1218 S GARFIELD AVE,734 W FRONT ST
1215 E FRONT ST,1260 BOON ST
3423 CASS RD,1247 BOON ST
1225 W FRONT ST,260 E TWELFTH ST
725 S ELMWOOD AVE,931 FITZHUGH DR
697 HANNAH AVE,221 GARLAND ST STE
914 E FRONT ST,750 FITZHUGH DR
3221 LOGAN VALLEY RD,1333 YELLOW DR
2158 W SOUTH AIRPORT RD,124 CASS ST
155 GARLAND ST,603 BAY ST
1373 BARLOW ST,221 GARLAND ST
820 RED DR FIRE,123 E ELEVENTH ST
531 W FRONT ST,1035 S GARFIELD AVE
417 S UNION ST,314 E FRONT ST
113 S PARK ST,104 S UNION ST
630 S GARFIELD AVE,836 ROBINWOOD CT
3950 SILVER LAKE RD,123 S UNION ST
1061 E FRONT ST,811 S GARFIELD AVE
723 WOODMERE AVE STE,1133 W SOUTH AIRPORT RD
914 E FRONT ST UNIT,1566 US 31 NORTH
810 COTTAGEVIEW DR,1840 US 31 NORTH
121 1/2 S UNION ST,2510 AERO PARK DR
6432 MISSION RIDGE,610 WOODMERE AVE
545 S GARFIELD AVE,141 RIVERS EDGE DR
3300 CASS RD,781 FITZHUGH DR
800 COTTAGEVIEW DR STE,517 WELLINGTON ST
1231 E FRONT ST,1456 BRIGADOON CT
307 DAVIS ST,3501 MARKETPLACE CR
917 CARVER ST,2762 CASS RD
750 BROAD RD,2625 N US 31 SOUTH
3147 LOGAN VALLEY RD,305 W FRONT ST 1ST
317 E EIGHTH ST,231 E EIGHTH ST
1039 E FRONT ST,3955 N US 31 SOUTH
740 CENTRE ST,140 RIVERS EDGE DR
415 S UNION ST,13900 S WEST BAY SHORE DR
808 W FRONT ST,340 E STATE ST
1142 E EIGHTH ST,800 COTTAGEVIEW DR STE
1545 S DIVISION ST,908 SEVENTH ST
507 BAY ST,1127 S GARFIELD AVE
662 BAY HILL DR,1265 US 31 NORTH
807 AIRPORT ACCESS RD,515 S GARFIELD AVE
1132 E EIGHTH ST,225 E SIXTEENTH ST STE
808 S GARFIELD AVE,424 W FRONT ST
704 MUNSON AVE,719 WOODMERE AVE STE
920 GRANT ST,215 WASHINGTON ST
515 S UNION ST,141 RIVERS EDGE DR
738 S GARFIELD AVE,912 W FRONT ST
600 W FRONT ST,3825 SCENIC RIDGE
4340 N THREE MILE RD,144 HALL ST
0 AIRPORT HANGER,1302 S GARFIELD AVE
852 ROBINWOOD CT,1112 S GARFIELD AVE
1132 US 31 NORTH,630 E FRONT ST
1220 BOON ST,239 E FRONT ST
119 N MAPLE ST,310 CASS ST
0 MURCHIE BRIDGE,429 W FOURTEENTH ST
597 GEORGETOWN PL,1701 W SOUTH AIRPORT RD
346 E FRONT ST,135 E FRONT ST
1420 FOREST PARK DR,440 W FOURTEENTH ST
3291 RACQUET CLUB DR,1797 PARK DR
4002 FRANKE RD,1614 US 31 NORTH
803 LYNCH DR,418 MUNSON AVE
500 S UNION ST HOUSE,1371 GRAY DR
920 S GARFIELD AVE,601 FITZHUGH DR
3981 SUMAC DR,2051 TRAVERSEFIELD DR
1126 BARLOW ST,1751 BARLOW ST
1014 SIXTH ST STE,1756 BARLOW ST
813 S GARFIELD AVE,701 S ELMWOOD AVE
114 1/2 E FRONT ST,1238 S GARFIELD AVE B & C
218 E FRONT ST,520 W FOURTEENTH ST
833 PARSONS RD,1725 S UNION ST
1550 NEWPORT ST,360 MUNSON AVE
537 BAY ST,218 N CEDAR ST
130 HALL ST,1324 BARLOW ST
1150 MILLIKEN DR,2779 AERO PARK DR
109 E FRONT ST,1650 BARLOW ST
728 E FRONT ST,222 CASS ST
408 S UNION ST,122 W STATE ST
911 SILVER DR,417 MUNSON AVE
224 CIRCLE AVE,539 W FOURTEENTH ST
1621 BAY HILL TER,314 VINE ST
741 INDIAN TRAIL BLVD,2451 NORTHERN VISIONS DR
841 E FRONT ST,1130 S GARFIELD AVE
318 W TWELFTH ST,310 W FRONT ST
3333 CASS RD,407 S UNION ST
209 FAIR ST,1239 S GARFIELD AVE
2823 CASS RD,812 S GARFIELD AVE
519 W FOURTEENTH ST,237 E FRONT ST
908 W FRONT ST,128 S UNION ST STE
715 FERN ST,305 MUNSON AVE
3037 CASS RD,2829 CASS RD
2206 CASS RD,851 WOODMERE AVE
109 E FRONT ST 210 &,1683 US 31 NORTH
708 THIRD ST,770 FITZHUGH DR
1603 US 31 NORTH,3121 N KEYSTONE RD
0 TRAV HEIGHTS SKATING,2103 TRAVERSEFIELD DR
2040 TRAVERSEFIELD DR,401 S UNION ST
226 E SIXTEENTH ST,315 E FRONT ST
620 RAILROAD PL,13890 S WEST BAY SHORE DR
225 E SIXTEENTH ST STE,425 BOARDMAN AVE 1ST
214 N DIVISION ST,630 W FOURTEENTH ST
240 E TWELFTH ST,2601 AERO PARK DR
1207 WOODMERE AVE,141 RIVERS EDGE DR
430 E FRONT ST,107 E FRONT ST
1108 E EIGHTH ST,525 W FRONT ST
415 CASS ST,602 E EIGHTH ST
601 S GARFIELD AVE,1128 S GARFIELD AVE
207 1/2 CIRCLE AVE,1137 S GARFIELD AVE
921 W ELEVENTH ST,1265 US 31 NORTH
200 W GRANDVIEW PKWY,1118 E FRONT ST
1159 HASTINGS ST,700 BROAD RD
329 S UNION ST,1771 PARK DR
109 E FRONT ST,1616 W SOUTH AIRPORT RD
113 S PARK ST,133 E STATE ST
911 SILVER DR,255 MUNSON AVE
1238 S GARFIELD AVE A & G,525 W FRONT ST
3300 CASS RD,424 W FOURTEENTH ST
2869 GLEN DR,4100 FRANKE RD
727 E EIGHTH ST,2670 AERO PARK DR
1248 HASTINGS ST,1840 STULTZ DR
10777 PINE BLUFF DR,718 MUNSON AVE
505 RIVERINE DR,444 CASS ST
430 BIRCHWOOD AVE,1501 CASS ST
782 WATCH HILL LN,1373 BARLOW ST
1844 OAK HOLLOW DR,1327 W SOUTH AIRPORT RD
703 PARSONS RD,543 E EIGHTH ST
1117 CARVER ST,1313 E EIGHTH ST
324 E FRONT ST,118 MUNSON AVE
3765 OUTBACK DR,305 SIXTH ST
419 WELLINGTON ST,121 E FRONT ST
880 PARSONS RD,1764 FOREST RIDGE
232 E FRONT ST,704 MUNSON AVE
516 E FRONT ST ACAD.,515 S GARFIELD AVE
308 N CEDAR ST,227 E FRONT ST
305 W FRONT ST 2ND,10850 EAST TRAVERSE HWY
943 LYNCH DR,203 CASS ST
227 LAKE AVE,1450 CASS RD
109 E FRONT ST,610 COTTAGEVIEW DR
1443 NEWPORT ST,537 W FOURTEENTH ST
0 E FOURTEENTH ST & CASS ST,1732 BARLOW ST
1132 US 31 NORTH,122 E EIGHTH ST
145 E FRONT ST,2825 N US 31 SOUTH
0 HURON HILLS N OF ALPINE,620 WOODMERE AVE
2366 CASS RD,901 AIRPORT ACCESS RD
851 S GARFIELD AVE,2815 CASS RD
0 S GARFIELD AVE & HANNAH A,1535 S DIVISION ST
3230 RACQUET CLUB DR,148 E EIGHTH ST
229 GARLAND ST STE,2364 TRAVERSEFIELD DR
914 E FRONT ST UNIT,1492 US 31 NORTH
508 HASTINGS ST,520 W FRONT ST
1897 US 31 NORTH,160 E STATE ST
630 INCOCHEE WOODS DR,895 LYNCH DR
143 E EIGHTH ST,617 E FRONT ST
333 W GRANDVIEW PKWY,625 BAY ST
720 WATCH HILL LN,2800 AERO PARK DR
912 W FRONT ST A,830 COTTAGEVIEW DR STE
1211 W FRONT ST,806 HASTINGS ST
630 S GARFIELD AVE,1116 CARVER ST
205 1/2 E FRONT ST,1011 HASTINGS ST
1567 W SOUTH AIRPORT RD,434 E FRONT ST
940 E EIGHTH ST,104 E FRONT ST
1031 HASTINGS ST,150 1/2 E FRONT ST
522 E EIGHTH ST,816 E FRONT ST
330 SIXTH ST,800 COTTAGEVIEW DR
2861 GLEN DR,315 E FRONT ST
6536 MISSION RIDGE,903 E EIGHTH ST
1077 W SOUTH AIRPORT RD,201 E FOURTEENTH ST
1330 (C3003050) AIRPORT ACCESS RD,1610 W SOUTH AIRPORT RD
516 E FRONT ST,148 E FRONT ST
1210 WOODMERE AVE,427 S UNION ST
161 E GRANDVIEW PKWY,703 S GARFIELD AVE
104 S UNION ST,2960 N GARFIELD RD
1567 W SOUTH AIRPORT RD,2440 DAIRY SQUARE
619 E EIGHTH ST,333 W GRANDVIEW PKWY -3RD
1039 E FRONT ST,1445 S DIVISION ST
3950 SCENIC RIDGE,1040 E FRONT ST
691 PARSONS RD,309 E FRONT ST
870 E FRONT ST,3811 MARKETPLACE CR
1133 W SOUTH AIRPORT RD,104 MACKEY DR
807 LAKE AVE,125 PARK ST
697 HANNAH AVE,708 RANDOLPH ST
1173 HASTINGS ST,3643 W FRONT ST
712 S GARFIELD AVE,627 W FRONT ST
877 ROBINWOOD CT,127 S MADISON ST
842 AVENUE E,800 COTTAGEVIEW DR
1022 E FRONT ST,13896 S WEST BAY SHORE DR
3375 A WRIGHT DR,1719 S GARFIELD AVE
741 E EIGHTH ST,1114 S UNION ST
134 LAKE AVE,1329 S DIVISION ST
125 E FRONT ST,2400 CASS RD
810 COTTAGEVIEW DR,439 E EIGHTH ST
346 E FRONT ST,126 E FRONT ST
115 E FOURTEENTH ST,851 FITZHUGH DR
3263 RACQUET CLUB DR,540 W FRONT ST
535 S GARFIELD AVE,1400 BRIGADOON CT
511 E FRONT ST,601 RANDOLPH ST
2819 CASS RD,720 E FRONT ST
800 COTTAGEVIEW DR,924 HASTINGS ST
0 LAKE AVE,600 COTTAGEVIEW DR
118 HALL ST,732 HANNAH AVE
2801 AERO PARK DR,3233 CASS RD
225 E SIXTEENTH ST,1301 S DIVISION ST
630 S GARFIELD AVE,461 MUNSON AVE
625 BAY HILL DR,733 E EIGHTH ST
925 HASTINGS ST,151 E FRONT ST
1502 BARLOW ST,1126 E EIGHTH ST
537 BAY ST HOUSE,525 COTTAGE ARBOR LN
1103 S UNION ST,1001 BAY ST STE
6726 CENTER RD,1025 W SOUTH AIRPORT RD
1445 WOODMERE AVE,315 E FRONT ST
1516 BARLOW ST,1535 S DIVISION ST
1170 AIRPORT ACCESS RD,3962 N THREE MILE RD
880 PARSONS RD,225 E FOURTEENTH ST
2282 CASS RD,209 E FRONT ST
1045 S GARFIELD AVE,919 SEVENTH ST
898 INCOCHEE WOODS DR,428 E FRONT ST
1820 OAK HOLLOW DR,700 COTTAGEVIEW DR STE
1112 E FRONT ST,1330 AIRPORT ACCESS RD
1026 HANNAH AVE,818 RED DR STE
640 E EIGHTH ST,886 MUNSON AVE
821 S ELMWOOD AVE STE,2282 CASS RD
522 E FRONT ST,835 S GARFIELD AVE
1324 BARLOW ST,541 S GARFIELD AVE
748 MUNSON AVE,1054 E FRONT ST
940 E EIGHTH ST,1101 CASS ST
1104 CASS ST,3950 SCENIC RIDGE
101 E FRONT ST,642 RAILROAD PL
1058 FOREST ST,1117 W SOUTH AIRPORT RD UNIT
525 W FOURTEENTH ST,2314 SYBRANDT RD
930 RED DR,1420 W SOUTH AIRPORT RD
950 LAKE RIDGE DR,1111 LAKE RIDGE DR
1220 WOODMERE AVE,2282 CASS RD
902 W FRONT ST,341 W FRONT ST
1705 S GARFIELD AVE,806 RED DR STE
412 W EIGHTH ST,13916 S WEST BAY SHORE DR
0 HALL ST & PARKWAY,400 W FRONT ST
823 S GARFIELD AVE,1033 E EIGHTH ST
619 E EIGHTH ST,10977 BREWERY CREEK LN
312 S UNION ST,501 LAKE AVE
713 E EIGHTH ST,1109 E FRONT ST
1720 HANNAH AVE,2470 N AERO PARK CT
517 S UNION ST,1535 S DIVISION ST
894 MUNSON AVE,140 RIVERS EDGE DR
515 W FOURTEENTH ST,620 COTTAGEVIEW DR
1265 US 31 NORTH,211 E FRONT ST
129 E FRONT ST STE,225 E SEVENTEENTH ST HOUSE
1732 BARLOW ST,631 E FRONT ST
537 W FRONT ST,2040 TRAVERSEFIELD DR
131 E EIGHTH ST,1208 S GARFIELD AVE
301 SEVENTH ST,13930 S MORGAN HILL RD
1130 E EIGHTH ST,912 S GARFIELD AVE
1237 HASTINGS ST,250 E FRONT ST
1112 S GARFIELD AVE,1145 WOODMERE AVE
124 N DIVISION ST,2382 CASS RD
1609 PARK DR,303 E STATE ST
537 S GARFIELD AVE,2495 N AERO PARK CT
0 FRONT & PARKWAY,903 LYNCH DR
880 BALDWIN ST,2366 CASS RD
522 W FOURTEENTH ST,1713 PARK DR
1139 E EIGHTH ST,2301 W AERO PARK CT
720 FITZHUGH DR,360 MUNSON AVE
1239 MILLIKEN DR,121 S UNION ST
607 RANDOLPH ST,321 A W THIRTEENTH ST
817 BAY ST,1131 HASTINGS ST TRAV
1645 W SOUTH AIRPORT RD,1890 E COLLEGE DR
701 THIRD ST,2485 AERO PARK DR
803 W FRONT ST,901 S GARFIELD AVE
800 COTTAGEVIEW DR STE,460 MUNSON AVE
511 E EIGHTH ST,533 W FOURTEENTH ST
1129 WOODMERE AVE STE,875 E FRONT ST
1475 PREMIER ST,820 RED DR
1134 E EIGHTH ST,305 MUNSON AVE
0 W FOURTEENTH ST & S UNION,820 RED DR STE
225 W FOURTEENTH ST,1516 BARLOW ST WARE
208 N CEDAR ST,534 E FRONT ST
341 WASHINGTON ST,223 W GRANDVIEW PKWY
124 BEECH ST,119 BEAUMONT PL
1550 E FRONT ST,328 E FRONT ST
1710 US 31 NORTH,206 E FRONT ST
416 E FRONT ST,2300 W SOUTH AIRPORT RD
3191 LOGAN VALLEY RD,3950 SILVER LAKE RD
666 BAY HILL DR,1781 BARLOW ST
2000 RANDOLPH ST,2323 W AERO PARK CT
0 FRONT & DIVISION ST,1204 S GARFIELD AVE
6536 MISSION RIDGE,525 W FRONT ST
518 E FRONT ST,736 MUNSON AVE
10765 PINE BLUFF DR,961 FITZHUGH DR
1142 E EIGHTH ST,1028 E EIGHTH ST
885 ROBINWOOD CT,430 W FOURTEENTH ST
333 W GRANDVIEW PKWY,1780 BARLOW ST
106 ROSE ST,424 W FRONT ST STE
1135 E EIGHTH ST,2423 SYBRANDT RD
3566 N US 31 SOUTH,2318 CASS RD
119 E EIGHTH ST HOUSE,300 E FRONT ST
1505 KENT ST,0 S GARFIELD AVE & E SOUTH
1545 S DIVISION ST,1201 E FRONT ST
1725 S UNION ST,3241 RACQUET CLUB DR
2779 AERO PARK DR,1003 S MAPLE ST
309 W FRONT ST,3950 SCENIC RIDGE
2005 EASTERN AVE,415 E FRONT ST #P4
501 BAY ST,301 S GARFIELD AVE
2827 CASS RD,438 E FRONT ST
432 MUNSON PL,128 S UNION ST STE
1450 BARLOW ST,742 MUNSON AVE
221 GARLAND ST STE,2827 CASS RD
1373 BARLOW ST,1357 W SOUTH AIRPORT RD
116 E FRONT ST,880 PARSONS RD
777 LYNCH DR,1201 E FRONT ST
2381 CASS RD,225 E SIXTEENTH ST PANEL
736 BARLOW ST,1125 WEST CIVIC CENTER DR
1117 CARVER ST,3055 CASS RD
1005 WOODMERE AVE,2750 N US 31 SOUTH
1147 HASTINGS ST,1721 S GARFIELD AVE
124 N DIVISION ST,130 RIVERS EDGE DR
236 1/2 E FRONT ST,830 ROBINWOOD CT
1525 S DIVISION ST,1011 HASTINGS ST
959 LYNCH DR,425 BOARDMAN AVE
810 COTTAGEVIEW DR,2820 N US 31 SOUTH
880 PARSONS RD,801 S GARFIELD AVE
3423 CASS RD,2889 AERO PARK DR
810 COTTAGEVIEW DR,161 E GRANDVIEW PKWY
1732 BARLOW ST,1200 SIXTH ST
6467 MISSION RIDGE,810 E FRONT ST
335 E STATE ST,225 E SIXTEENTH ST STE
0 VETERANS DR & BOUGHEY ST,423 S UNION ST
1670 BARLOW ST,726 HASTINGS ST
404 N DIVISION ST,1740 BARLOW ST
1126 CARVER ST,328 MUNSON AVE STE
1142 E EIGHTH ST,1545 S DIVISION ST
1192 AIRPORT ACCESS RD,555 S GARFIELD AVE
403 FAIR ST,522 E FRONT ST
1125 WEST CIVIC CENTER DR,800 CENTRE PL
708 RANDOLPH ST,1620 W SOUTH AIRPORT RD
413 S UNION ST,1615 S GARFIELD AVE
865 MUNSON AVE,1732 BARLOW ST
522 E FRONT ST,1239 BARLOW ST
1009 E FRONT ST CAR,448 E FRONT ST
1566 US 31 NORTH,0 AIRPORT ACCESS RD & PARSO
301 W GRANDVIEW PKWY,324 MUNSON AVE
3229 LOGAN VALLEY RD,1861 E COLLEGE DR
605 THIRD ST,336 W FRONT ST
1691 BAY HILL TER,1031 HASTINGS ST
118 1/2 E FRONT ST,1020 HASTINGS ST
1026 HANNAH AVE,336 E FRONT ST
107 CASS ST,1567 W SOUTH AIRPORT RD
1793 LINDEN AVE,1580 W SOUTH AIRPORT RD
748 MUNSON AVE STE,107 CASS ST
151 RAILROAD AVE,1723 S GARFIELD AVE
228 E FRONT ST,732 E FRONT ST
956 WALNUT ST,229 E TWELFTH ST
1104 BARLOW ST,140 RIVERS EDGE DR
911 SEVENTH ST,2625 N US 31 SOUTH
2896 GLEN DR,144 E FRONT ST
732 S GARFIELD AVE,128 E FRONT ST
2811 CASS RD,255 MUNSON AVE
1040 WALNUT ST,2386 TRAVERSEFIELD DR
129 E FRONT ST STE,1710 US 31 NORTH
1186 AIRPORT ACCESS RD,880 PARSONS RD
703 PARSONS RD,523 COTTAGE ARBOR LN
0 PENINSULA DR & EASTERN AV,1240 OAK TER
845 ROBINWOOD CT,315 E FRONT ST
1200 RAMSDELL ST,1133 W SOUTH AIRPORT RD
837 ROBINWOOD CT,202 E STATE ST
1844 OAK HOLLOW DR,1217 E FRONT ST
821 S ELMWOOD AVE STE,1780 BARLOW ST
722 WATCH HILL LN,231 E EIGHTH ST
1783 LINDEN AVE,2279 W SOUTH AIRPORT RD
502 E FRONT ST,3104 LOGAN VALLEY RD
814 CENTRE ST,3950 SILVER LAKE RD
920 HASTINGS ST,108 E FRONT ST
720 WAYNE ST,520 S UNION ST
1477 NEWPORT ST HOUSE,1250 HILL ST
2815 CASS RD,810 COTTAGEVIEW DR
808 W FRONT ST,896 MUNSON AVE
1137 WOODMERE AVE,891 FITZHUGH DR
737 WOODMERE AVE,1370 W SOUTH AIRPORT RD
514 1/2 E FRONT ST,3623 MARKETPLACE CR
226 E SIXTEENTH ST,202 E STATE ST
790 INDIAN TRAIL BLVD,1104 BARLOW ST
1375 YELLOW DR,2322 CASS RD
125 E STATE ST,1265 US 31 NORTH
3950 SILVER LAKE RD,1138 CARVER ST
315 N DIVISION ST,2410 AERO PARK DR
102 W FRONT ST FIRE,149 E FRONT ST
114 E FRONT ST,1201 S DIVISION ST
645 E EIGHTH ST,225 E SIXTEENTH ST
431 MUNSON AVE,744 MUNSON AVE
312 S UNION ST,1566 US 31 NORTH
140 E FRONT ST,710 E FRONT ST
814 S GARFIELD AVE,116 E EIGHTH ST
0 WEATHER STATION,150 PINE ST
1133 W SOUTH AIRPORT RD,940 US 31 NORTH
515 W FOURTEENTH ST,1225 W SOUTH AIRPORT RD
940 E EIGHTH ST,1371 GRAY DR
309 S UNION ST,1253 W SOUTH AIRPORT RD
630 S GARFIELD AVE,
693 PARSONS RD,
537 BAY ST,
507 W FRONT ST,
2358 CASS RD,
1681 BAY HILL TER,
836 HASTINGS ST EHEAT,
208 E FRONT ST,
1219 E FRONT ST,
260 E TWELFTH ST,
827 W FRONT ST,
1129 WOODMERE AVE,
943 LAKE RIDGE DR,
537 BAY ST,
127 S UNION ST,
141 E FRONT ST,
920 HASTINGS ST,
1781 S GARFIELD AVE,
704 S GARFIELD AVE,
3147 LOGAN VALLEY RD,
2421 AERO PARK DR,
3691 CASS RD,
715 E STATE ST STE,
202 E STATE ST,
431 MUNSON AVE,
1142 E EIGHTH ST,
1050 SILVER DR,
328 MUNSON AVE STE,
544 E EIGHTH ST,
1199 TERRACE BLUFF DR,
830 COTTAGEVIEW DR STE,
0 W M 72,
921 W ELEVENTH ST,
1225 WOODMERE AVE,
2415 DIAMOND DR,
814 S GARFIELD AVE,
3643 W FRONT ST,
911 HASTINGS ST,
693 PARSONS RD,
130 E FRONT ST,
445 E FRONT ST,
0 W EIGHTH ST & S UNION ST,
0 FIRE PUMP,
3950 SCENIC RIDGE,
703 PARSONS RD,
1033 1/2 E EIGHTH ST,
1211 E FRONT ST,
551 S GARFIELD AVE,
1225 W FRONT ST,
1603 BARLOW ST,
807 AIRPORT ACCESS RD,
1010 S GARFIELD AVE,
880 PARSONS RD,
914 E FRONT ST UNIT,
155 E FRONT ST,
1140 AIRPORT ACCESS RD,
415 1/2 S UNION ST,
141 RIVERS EDGE DR,
905 WOODMERE AVE,
0 E SOUTH AIRPORT RD,
1566 US 31 NORTH,
3633 MARKETPLACE CR,
613 W FOURTEENTH ST,
739 WOODMERE AVE,
1765 PARK DR,
1004 E EIGHTH ST,
155 GARLAND ST,
1125 HASTINGS ST,
3220 RACQUET CLUB DR,
2823 CASS RD,
1760 FOREST RIDGE DR,
2299 TRAVERSEFIELD DR,
688 BAY HILL DR,
333 W GRANDVIEW PKWY -3RD,
1000 HASTINGS ST,
1024 E FRONT ST,
204 E FRONT ST,
140 E FRONT ST,
13922 S WEST BAY SHORE DR,
221 GARLAND ST,
124 CASS ST,
1650 BARLOW ST,
630 S GARFIELD AVE,
1525 S DIVISION ST,
1702 BAY HILL TER,
950 PARSONS RD,
500 S UNION ST SUITE,
733 WOODMERE AVE,
205 E FRONT ST,
181 E GRANDVIEW PKWY,
752 MUNSON AVE BUS,
1020 HASTINGS ST,
1132 S GARFIELD AVE,
2314 SYBRANDT RD,
678 BAY HILL DR,
400 W FRONT ST,
149 E STATE ST,
601 RIVERINE DR,
818 RED DR STE,
613 RANDOLPH ST,
527 E EIGHTH ST,
0 CEMETERY PITS,
1995 US 31 NORTH,
102 1/2 E FRONT ST,
2151 CASS RD,
611 LAKE AVE,
122 CASS ST,
1321 W SOUTH AIRPORT RD,
1000 AIRPORT ACCESS RD,
718 MUNSON AVE,
139 E FRONT ST,
949 LAKE RIDGE DR,
810 S GARFIELD AVE,
651 BAY HILL DR,
521 S UNION ST,
515 WELLINGTON ST,
1330 (10575502) AIRPORT ACCESS RD,
124 N MAPLE ST,
2674 CASS RD,
2823 CASS RD,
13896 S WEST BAY SHORE DR,
1149 S GARFIELD AVE,
847 S GARFIELD AVE,
205 E FRONT ST,
1111 E FRONT ST,
861 ROBINWOOD CT,
1616 W SOUTH AIRPORT RD,
1224 CENTRE ST,
3639 MARKETPLACE CR,
1516 BARLOW ST GAS,
1001 BAY ST STE,
831 S GARFIELD AVE,
1126 S GARFIELD AVE,
421 SECOND ST 2ND,
100 HOPE ST,
899 CARVER ST,
651 BAY HILL DR,
3066 N GARFIELD RD,
803 S GARFIELD AVE,
1525 S DIVISION ST,
525 S UNION ST,
807 W FRONT ST,
121 S GARFIELD AVE,
3180 RACQUET CLUB DR,
735 WOODMERE AVE,
403 E STATE ST,
540 N SPRUCE ST,
114 E FRONT ST,
711 WADSWORTH ST,
914 E FRONT ST UNIT,
128 S UNION ST STE,
510 W FOURTEENTH ST,
1316 W SOUTH AIRPORT RD,
118 E FRONT ST,
3609 CASS RD,
1779 S GARFIELD AVE,
0 E FRONT ST/MILLIKEN ST,
440 MUNSON AVE,
436 W FRONT ST,
1671 BAY HILL TER,
3153 CASS RD,
0 UNION ST HOLIDAY LIGHTS,
2815 CASS RD,
3139 LOGAN VALLEY RD,
2807 CASS RD,
1701 E FRONT ST,
123 1/2 E FRONT ST,
333 W GRANDVIEW PKWY -5TH,
223 LAKE AVE B,
3191 LOGAN VALLEY RD,
810 S GARFIELD AVE,
1631 BAY HILL TER,
631 WOODMERE AVE,
403 E STATE ST,
701 E STATE ST,
236 1/2 E FRONT ST,
148 E FRONT ST,
2000 RANDOLPH ST,
537 BAY ST,
731 WOODMERE AVE,
243 E STATE ST,
13890 S WEST BAY SHORE DR,
2877 GLEN DR,
1212 VETERANS DR,
2615 N US 31 SOUTH,
1121 E EIGHTH ST,
1023 E EIGHTH ST,
333 W GRANDVIEW PKWY HEAT/,
1025 E EIGHTH ST,
10923 EAST TRAVERSE HWY,
870 E FRONT ST,
900 E FRONT ST,
116 E EIGHTH ST,
311 E FRONT ST,
1300 AIRPORT ACCESS RD,
2366 CASS RD,
421 W FRONT ST,
1220 WOODMERE AVE,
817 BAY ST,
400 W FRONT ST,
790 CENTRE PL,
1238 S GARFIELD AVE,
215 WASHINGTON ST,
514 1/2 E FRONT ST,
1209 S GARFIELD AVE,
1206 CASS ST,
1719 E EIGHTH ST,
6647 MISSION RIDGE,
136 1/2 E FRONT ST,
1606 BARLOW ST UNIT,
911 SILVER DR,
1402 NORTH ORCHARD DR,
921 W ELEVENTH ST,
619 E EIGHTH ST,
2156 W SOUTH AIRPORT RD,
419 E EIGHTH ST,
0 MORGAN HILL,
1525 S DIVISION ST,
1525 S DIVISION ST,
140 E FRONT ST,
3950 SCENIC RIDGE,
127 MUNSON AVE,
817 SEVENTH ST,
801 W FRONT ST,
3003 N GARFIELD RD,
3283 RACQUET CLUB DR,
1611 PARK DR,
521 RANDOLPH ST,
1318 W SOUTH AIRPORT RD,
1424 NEWPORT ST,
148 E FRONT ST,
2207 TRAVERSEFIELD DR,
1115 S UNION ST,
333 E STATE ST,
971 LYNCH DR,
1265 US 31 NORTH,
126 S UNION ST,
3139 N KEYSTONE RD,
3631 MARKETPLACE CR,
115 E EIGHTH ST,
2775 N US 31 SOUTH,
501 S UNION ST,
3186 CASS RD,
1557 PREMIER ST,
242 E FRONT ST,
2548 CASS RD,
444 CASS ST,
13802 S WEST BAY SHORE DR,
920 BARLOW ST,
421 E STATE ST,
914 E FRONT ST UNIT,
1324 BARLOW ST,
116 E FRONT ST,
1783 S GARFIELD AVE STE,
818 RED DR,
6187 RED FOX RUN,
1100 WOODMERE AVE,
715 E STATE ST BDG 2,
630 S GARFIELD AVE,
1015 S UNION ST NEW,
696 BAY HILL DR,
202 E STATE ST,
934 E EIGHTH ST,
135 E EIGHTH ST,
414 MUNSON PL,
0 S GARFIELD AVE & HANNAH A,
415 CASS ST,
3011 N GARFIELD RD,
0 AIRPORT HANGER 5,
3643 W FRONT ST,
3847 CREEKSIDE DR,
914 E FRONT ST UNIT,
2000 RANDOLPH ST,
1825 E EIGHTH ST,
807 LAKE AVE,
212 E FRONT ST,
230 E FOURTEENTH ST,
2425 DIAMOND DR,
855 1/2 E FRONT ST,
770 CENTRE PL,
3116 LOGAN VALLEY RD,
932 E EIGHTH ST,
914 E FRONT ST UNIT,
1683 US 31 NORTH,
1525 S DIVISION ST,
861 ROBINWOOD CT STE,
300 E FRONT ST,
807 LAKE AVE,
537 BAY ST,
861 ROBINWOOD CT,
1313 E EIGHTH ST FIRE,
329 1/2 S UNION ST,
121 S GARFIELD AVE,
315 N DIVISION ST,
415 CASS ST STE,
1535 S DIVISION ST,
917 THIRD ST,
903 WOODMERE AVE,
548 E FRONT ST,
309 CASS ST,
423 E EIGHTH ST,
416 E FRONT ST,
525 W FRONT ST,
1091 E M 72,
3950 SILVER LAKE RD,
1121 E FRONT ST,
521 WOODMERE AVE,
1000 S GARFIELD AVE,
545 W ELEVENTH ST,
515 W FOURTEENTH ST,
704 MUNSON AVE,
508 W FOURTEENTH ST,
518 E FRONT ST,
420 1/2 E FRONT ST,
697 HANNAH AVE,
151 S EAST BAY BLVD,
430 S UNION ST,
1310 BARLOW ST,
400 S UNION ST,
852 ROBINWOOD CT,
150 E FRONT ST,
717 WOODMERE AVE,
145 E FRONT ST,
2425 DIAMOND DR,
1155 HASTINGS ST,
123 E FRONT ST,
137 E FRONT ST,
2465 N AERO PARK CT SHOP,
440 MUNSON AVE,
1941 US 31 NORTH,
107 CASS ST,
1129 WOODMERE AVE,
1101 PENINSULA DR,
691 PARSONS RD,
426 MUNSON PL,
0 SIXTH ST & S ELMWOOD AVE,
713 PARSONS RD,
1720 HANNAH AVE,
1439 BARLOW ST UNIT,
1133 W SOUTH AIRPORT RD,
1375 YELLOW DR,
1213 E FRONT ST,
314 E EIGHTH ST,
4200 N THREE MILE RD,
109 E FRONT ST,
2960 CASS RD,
820 RED DR,
0 N ELMWOOD AVE & PARKWAY,
3820 CASS RD,
1780 BARLOW ST,
709 S GARFIELD AVE,
124 S UNION ST,
443 WENONAH ST,
440 MUNSON AVE,
134 W STATE ST STE,
2823 CASS RD,
532 W FOURTEENTH ST,
0 W FOURTEENTH ST & VETERAN,
341 WASHINGTON ST,
2318 CASS RD,
313 E FRONT ST,
602 FERN ST,
803 W FRONT ST,
1777 S GARFIELD AVE STE,
333 W GRANDVIEW PKWY FIRST,
853 E FRONT ST,
3901 SCENIC RIDGE,
518 E FRONT ST SPA,
115 WELLINGTON ST,
540 S GARFIELD AVE,
440 MUNSON AVE,
1226 S GARFIELD AVE,
697 HANNAH AVE,
333 W GRANDVIEW PKWY FIRST,
223 LAKE AVE WEST,
148 E FRONT ST,
1650 BARLOW ST,
1515 CASS ST,
1237 HASTINGS ST,
1142 E EIGHTH ST,
215 WASHINGTON ST,
134 W STATE ST STE,
1129 WOODMERE AVE STE,
1545 S DIVISION ST,
534 E FRONT ST,
1014 SIXTH ST,
10767 EAST TRAVERSE HWY,
102 E FRONT ST,
745 S GARFIELD AVE,
2819 CASS RD,
120 BOARDMAN AVE,
511 E EIGHTH ST,
628 FERN ST,
1631 PARK DR,
0 AIRPORT STREET LIGHTS,
3210 RACQUET CLUB DR,
425 BOARDMAN AVE 3RD,
1151 HASTINGS ST,
318 VINE ST,
1102 CASS ST,
346 E FRONT ST,
1525 S DIVISION ST,
1236 1/2 E EIGHTH ST,
701 W FRONT ST,
1545 S DIVISION ST,
207 CIRCLE AVE,
1028 HANNAH AVE,
3180 RACQUET CLUB DR,
1400 TERRA RD,
1371 GRAY DR,
876 WASHINGTON ST,
1315 WOODMERE AVE,
1661 PARK DR,
230 E FOURTEENTH ST,
711 LAKE AVE,
803 LYNCH DR,
425 BOARDMAN AVE,
13936 S WEST BAY SHORE DR,
541 E EIGHTH ST,
746 E SOUTH AIRPORT RD,
739 HASTINGS ST,
130 S UNION ST,
140 E FRONT ST,
415 E FRONT ST #P2,
3155 N KEYSTONE RD,
1440 FOREST PARK DR,
1167 HASTINGS ST,
825 LAKE AVE,
1142 E EIGHTH ST,
615 BAY HILL DR,
1764 FOREST RIDGE DR,
914 E FRONT ST UNIT,
1040 E EIGHTH ST,
739 WOODMERE AVE,
613 RANDOLPH ST,
880 PARSONS RD,
3283 RACQUET CLUB DR,
822 ROBINWOOD CT,
750 CENTRE PL,
102 1/2 E FRONT ST,
13783 S MERIDIAN DR,
502 W FOURTEENTH ST,
0 GARFIELD FLOW/BURGER KING,
145 E EIGHTH ST,
2296 CASS RD,
861 MUNSON AVE,
1126 BARLOW ST,
849 E FRONT ST,
104 E FRONT ST,
3603 MARKETPLACE CR,
615 E EIGHTH ST,
140 E FRONT ST,
488 MUNSON AVE,
333 W GRANDVIEW PKWY 4TH,
100 PARK ST,
181 E GRANDVIEW PKWY,
704 MUNSON AVE,
1535 S DIVISION ST,
512 S UNION ST,
2401 AERO PARK DR,
1260 BOON ST,
10977 E BREWERY CREEK LN,
752 MUNSON AVE,
444 CASS ST,
4207 MITCHELL CREEK DR,
114 1/2 E FRONT ST,
1142 E EIGHTH ST,
991 LAKE RIDGE DR HOUSE,
109 E FRONT ST,
518 E FRONT ST HOUSE,
120 BEAUMONT PL,
1210 S GARFIELD AVE,
0 FARMER'S MARKET,
4224 N THREE MILE RD,
3007 N GARFIELD RD,
104 E FRONT ST,
1222 VETERANS DR,
400 W FRONT ST,
920 S GARFIELD AVE,
318 W TWELFTH ST,
0 SOUTH CASS HOLIDAY LIGHTS,
321 E FRONT ST,
2170 TRAVERSEFIELD DR,
691 PARSONS RD,
420 S DIVISION ST,
130 HALL ST DCFC,
508 W FOURTEENTH ST,
148 E FRONT ST,
540 S GARFIELD AVE,
426 W FRONT ST,
109 E FRONT ST,
111 CASS ST,
360 MUNSON AVE,
10208 E CARTER CENTRE PUMP,
1142 E EIGHTH ST,
343 W THIRTEENTH ST,
1677 PARK DR,
140 E FRONT ST,
924 KELLEY ST,
3291 RACQUET CLUB DR,
1203 E EIGHTH ST,
333 W GRANDVIEW PKWY,
1560 E FRONT ST,
223 LAKE AVE,
926 E FRONT ST,
940 E EIGHTH ST,
806 S GARFIELD AVE,
808 1/2 W FRONT ST,
2805 BEECH TREE LN,
6432 MISSION RIDGE,
2819 CASS RD,
1200 BOON ST,
811 COTTAGEVIEW DR,
3300 CASS RD,
2929 GLEN DR,
9910 EAST TRAVERSE HWY,
740 KINGSTON CT,
3375 CASS RD,
436 1/2 W FRONT ST,
1525 S DIVISION ST,
1601 BAY HILL TER,
1717 US 31 NORTH EAST,
1117 CARVER ST,
731 INDIAN TRAIL BLVD,
1239 US 31 NORTH,
1129 WOODMERE AVE STE,
537 BAY ST,
504 W FOURTEENTH ST,
738 S GARFIELD AVE,
1129 WOODMERE AVE STE,
430 MONROE ST,
346 E FRONT ST,
216 BOUGHEY ST,
1200 WOODMERE AVE,
727 FLY DONT DR,
836 HASTINGS ST LIGHT,
2651 AERO PARK DR,
1238 S GARFIELD AVE,
509 WOODMERE AVE,
820 W FRONT ST,
120 PARK ST,
928 S GARFIELD AVE,
444 CASS ST,
1225 W FRONT ST,
1779 S GARFIELD AVE,
800 S DIVISION ST,
222 CASS ST,
10200 E CARTER CENTRE,
1132 S GARFIELD AVE,
1420 FOREST PARK DR,
616 E EIGHTH ST,
523 MUNSON AVE,
1930 IROQUOIS ST,
0 US 31 S @ MEIJER ENTRANCE,
231 E TWELFTH ST,
3185 LOGAN VALLEY RD,
701 WESTMINSTER RD,
627 LAKE AVE,
820 ROBINWOOD CT,
325 S UNION ST,
119 FAIR ST,
830 COTTAGEVIEW DR STE,
230 E FOURTEENTH ST,
139 E EIGHTH ST,
202 E STATE ST,
711 COTTAGEVIEW DR STE,
3139 N KEYSTONE RD,
110 HALL ST,
707 S GARFIELD AVE STE,
525 RIVERINE DR,
527 W FRONT ST,
1500 RAMSDELL ST,
697 HANNAH AVE,
153 E FRONT ST,
807 S GARFIELD AVE,
107 CASS ST,
708 BAY HILL DR,
874 E FRONT ST,
862 MUNSON AVE,
719 PARSONS RD,
116 BOARDMAN AVE,
2358 CASS RD,
153 E FRONT ST,
720 E EIGHTH ST,
431 MUNSON AVE,
0 HASTINGS ST & PARSONS RD,
2206 CASS RD,
1214 S GARFIELD AVE,
1163 HASTINGS ST,
140 E FRONT ST,
1020 HASTINGS ST,
217 FAIR ST,
511 S UNION ST,
627 ROSE ST,
1600 BAY HILL TER,
1719 S GARFIELD AVE,
140 E FRONT ST,
4207 MITCHELL CREEK DR,
1660 BARLOW ST,
819 LYNCH DR,
940 E EIGHTH ST,
2000 RANDOLPH ST,
537 BAY ST HOUSE,
122 S UNION ST,
309 CASS ST,
1777 S GARFIELD AVE STE,
1797 PARK DR,
3003 N GARFIELD RD,
303 S UNION ST,
515 BAY ST,
601 W FRONT ST,
3955 SUMAC DR,
705 E STATE ST,
1701 W SOUTH AIRPORT RD,
1102 CASS ST,
1 FRONT/PARK,
515 S UNION ST,
1129 WOODMERE AVE STE,
525 W FRONT ST,
1100 E FRONT ST,
400 S UNION ST,
122 S UNION ST,
0 W SOUTH AIRPORT RD,
1145 WOODMERE AVE,
700 COTTAGEVIEW DR STE,
1500 CASS RD,
405 N DIVISION ST,
2780 CASS RD,
2811 CASS RD,
2674 CASS RD,
1224 CENTRE ST,
1105 E FRONT ST,
335 DAVIS ST,
315 N DIVISION ST,
619 E EIGHTH ST,
876 ROBINWOOD CT,
128 W STATE ST,
6901 MISSION RIDGE,
1445 WOODMERE AVE,
1545 S DIVISION ST,
506 W FOURTEENTH ST,
1224 CENTRE ST,
114 1/2 E FRONT ST,
324 E FRONT ST,
500 S UNION ST SUITE,
219 E FRONT ST,
961 LAKE RIDGE DR,
909 SEVENTH ST,
920 HASTINGS ST STE,
3132 LOGAN VALLEY RD,
3129 S GARFIELD AVE,
122 S UNION ST,
412 S UNION ST,
531 E EIGHTH ST,
3250 RACQUET CLUB DR,
1010 AIRPORT ACCESS RD,
1744 BARLOW ST,
1122 CARVER ST,
610 WOODMERE AVE,
1777 S GARFIELD AVE STE,
809 S GARFIELD AVE,
1640 WOODWARD AVE,
3980 N US 31 SOUTH,
2951 N KEYSTONE RD,
1779 S GARFIELD AVE,
2807 CASS RD,
3055 CASS RD,
1231 HASTINGS ST,
1014 SIXTH ST,
630 S GARFIELD AVE,
601 E EIGHTH ST,
415 CASS ST,
2953 N KEYSTONE RD,
123 E FRONT ST,
700 BOON ST,
1045 E EIGHTH ST,
830 E FRONT ST,
922 E FRONT ST UNIT,
315 E FRONT ST,
111 E FRONT ST,
2000 RANDOLPH ST,
0 OPEN SPACE AREA CFEST,
222 E FOURTEENTH ST,
6477 MISSION RIDGE,
10748 EAST TRAVERSE HWY,
2921 GLEN DR,
1371 GRAY DR,
1683 US 31 NORTH,
1209 S GARFIELD AVE,
1324 BARLOW ST,
874 E EIGHTH ST,
3104 LOGAN VALLEY RD,
126 BOARDMAN AVE,
13802 S WEST BAY SHORE DR,
3291 RACQUET CLUB DR,
140 E FRONT ST,
401 E FRONT ST,
1142 E EIGHTH ST,
421 SECOND ST 1ST,
1325 W SOUTH AIRPORT RD,
3277 N GARFIELD RD,
2151 CASS RD,
637 BAY HILL DR,
804 BOON ST,
0 FRONT & BARLOW ST,
1043 E EIGHTH ST,
1045 W SOUTH AIRPORT RD,
934 S GARFIELD AVE,
861 ROBINWOOD CT STE,
2819 CASS RD,
227 E STATE ST,
436 W FRONT ST,
876 E EIGHTH ST,
502 RAILROAD AVE,
1313 W SOUTH AIRPORT RD,
11559 WATERFORD ST,
1661 BAY HILL TER,
2889 AERO PARK DR EQUIP,
413 S UNION ST,
420 S DIVISION ST,
1025 HANNAH AVE,
826 HASTINGS ST,
1650 BARLOW ST,
13766 S WEST BAY SHORE DR,
1616 W SOUTH AIRPORT RD,
1209 S GARFIELD AVE,
2323 TRAVERSEFIELD DR,
710 CENTRE ST,
1021 CENTRE ST,
129 FAIR ST,
114 1/2 E FRONT ST,
360 MUNSON AVE,
3163 N KEYSTONE RD,
191 MARINA DR LVL 2,
827 LYNCH DR,
912 W FRONT ST B,
1633 PARK DR,
522 S GARFIELD AVE,
106 E FRONT ST,
140 E FRONT ST,
601 BAY HILL DR,
1207 WEST CIVIC CENTER DR,
1884 COLLEGE DR,
1400 YELLOW DR,
2599 MILLER CREEK DR,
2937 GLEN DR,
435 BAY ST,
6513 MISSION RIDGE,
13999 S WEST BAY SHORE DR,
1121 BOON ST,
2000 RANDOLPH ST,
104 E FRONT ST,
216 CASS ST,
540 GEORGETOWN DR,
13088 S WEST BAY SHORE DR,
1525 S DIVISION ST,
3271 RACQUET CLUB DR,
0 M-22 AT M-72 (E. JCT),
235 E TWELFTH ST,
605 BAY HILL DR,
153 E FRONT ST,
1789 S GARFIELD AVE,
900 E FRONT ST,
2743 N US 31 SOUTH,
3189 LOGAN VALLEY RD,
320 PINE ST,
715 E FRONT ST,
921 RED DR,
1328 S UNION ST,
219 1/2 E FRONT ST,
305 W FRONT ST 1ST,
1185 W SOUTH AIRPORT RD,
1800 COLLEGE DR,
1689 PARK DR,
926 W FRONT ST,
129 E STATE ST,
825 SEVENTH ST,
1030 HASTINGS ST,
2000 RANDOLPH ST,
230 E FOURTEENTH ST,
810 COTTAGEVIEW DR,
979 LAKE RIDGE DR,
630 S GARFIELD AVE,
537 BAY ST,
616 E EIGHTH ST,
535 W FOURTEENTH ST,
1550 VETERANS DR,
232 E FRONT ST,
1285 BIRCH TREE LN,
820 RED DR PARK,
841 S GARFIELD AVE,
1017 HANNAH AVE,
425 BOARDMAN AVE,
0 GATE BY NORTHFLIGHT,
1557 PREMIER ST,
1028 HANNAH AVE,
601 S GARFIELD AVE,
1105 E FRONT ST,
1613 PARK DR,
114 E GRIFFIN ST,
514 MUNSON AVE,
1566 US 31 NORTH,
915 BARLOW ST,
2263 CASS RD,
2040 CASS RD,
109 E FRONT ST HOUSE,
924 E EIGHTH ST,
607 RANDOLPH ST,
920 S GARFIELD AVE,
869 ROBINWOOD CT,
619 E EIGHTH ST,
0 E FRONT ST & FAIR ST,
910 E EIGHTH ST,
709 PARSONS RD,
261 RED FOX RIDGE,
956 W SOUTH AIRPORT RD,
114 1/2 E FRONT ST,
733 E EIGHTH ST,
502 E FRONT ST,
324 S GARFIELD AVE,
1600 BARLOW ST,
500 S UNION ST SUITE,
1717 US 31 NORTH,
1650 BARLOW ST,
102 1/2 E FRONT ST,
120 S UNION ST,
716 BOON ST,
619 E EIGHTH ST,
1209 S GARFIELD AVE,
721 WOODMERE AVE,
716 E STATE ST,
612 AIRPORT ACCESS RD,
2314 SYBRANDT RD,
777 BOYD AVE,
1040 S GARFIELD AVE,
620 WOODMERE AVE,
2358 CASS RD,
13818 S WEST BAY SHORE DR,
333 W GRANDVIEW PKWY 1ST,
715 E STATE ST STE,
0 HALL & GARLAND,
1779 S GARFIELD AVE,
710 W FRONT ST,
3003 N GARFIELD RD,
215 E FRONT ST,
136 E FRONT ST,
520 WELLINGTON ST,
2244 CASS RD,
509 S UNION ST,
528 W FOURTEENTH ST,
1236 E EIGHTH ST,
930 S ELMWOOD AVE,
229 GARLAND ST,
1518 US 31 NORTH,
874 E FRONT ST,
110 MUNSON AVE,
1430 FOREST PARK DR,
607 RANDOLPH ST,
710 CARVER ST FIRE,
1420 TERRA RD,
812 1/2 S GARFIELD AVE,
3425 WRIGHT DR,
1331 W SOUTH AIRPORT RD,
640 HANNAH AVE,
333 W GRANDVIEW PKWY 4TH,
1800 HANNAH AVE,
1820 OAK HOLLOW DR,
0 E EIGHTH ST & GARFIELD AV,
833 S GARFIELD AVE,
445 MUNSON PL,
601 W FRONT ST,
3151 CASS RD,
439 E FRONT ST,
1501 CASS ST,
526 W FOURTEENTH ST,
523 COTTAGE ARBOR LN,
693 PARSONS RD,
973 LAKE RIDGE DR,
750 S GARFIELD AVE,
630 S GARFIELD AVE,
1472 US 31 NORTH,
3643 W FRONT ST,
124 N DIVISION ST,
1560 E FRONT ST,
100 PARK ST,
6215 RED FOX RUN,
801 E FRONT ST,
800 COTTAGEVIEW DR,
333 W GRANDVIEW PKWY 2ND,
127 E FRONT ST PANEL,
0 E EIGHTH ST & CASS ST,
107 CASS ST,
803 BAY ST,
819 THIRD ST,
630 S GARFIELD AVE,
1129 WOODMERE AVE STE,
1222 ELDER ST,
760 KINGSTON CT,
0 WEST END IRRIGATION,
313 DAVIS ST,
221 GARLAND ST,
445 E STATE ST,
4207 MITCHELL CREEK DR,
13860 S COMPASS ROSE DR WATER,
630 S GARFIELD AVE,
2928 GLEN DR,
1220 WOODMERE AVE,
527 E EIGHTH ST,
621 BAY HILL DR,
849 MANOR LN,
1208 E EIGHTH ST,
3121 N KEYSTONE RD,
121 S UNION ST,
853 E FRONT ST,
1229 BARLOW ST,
1773 US 31 NORTH,
2819 CASS RD,
1251 W SOUTH AIRPORT RD,
2925 CASS RD,
401 MUNSON AVE,
1160 AIRPORT ACCESS RD STE,
309 CASS ST STE,
619 E EIGHTH ST,
129 E FRONT ST STE,
2392 CASS RD,
1137 S GARFIELD AVE,
3287 RACQUET CLUB DR,
1832 OAK HOLLOW DR,
853 E FRONT ST,
242 E FRONT ST,
1545 S DIVISION ST,
143 E FRONT ST,
1580 W SOUTH AIRPORT RD,
2200 DENDRINOS DR,
336 E FRONT ST,
1320 W SOUTH AIRPORT RD,
925 E FRONT ST,
420 1/2 S UNION ST,
747 WOODMERE AVE,
3742 W FRONT ST,
854 CARSON ST,
0 OPEN SPACE AREA CFEST,
720 MUNSON AVE,
1151 W SOUTH AIRPORT RD,
2366 CASS RD,
0 AIRPORT WEST SIDE,
2451 W SOUTH AIRPORT RD,
224 E FRONT ST,
1032 WOODMERE AVE,
1489 US 31 NORTH,
804 S GARFIELD AVE,
708 RANDOLPH ST HOUSE,
1036 BARLOW ST,
1491 KENT ST,
693 PARSONS RD,
216 MUNSON AVE,
130 HALL ST LVL 2,
220 E FRONT ST,
2397 TRAVERSEFIELD DR,
914 E FRONT ST UNIT,
317 BIRCHWOOD AVE,
447 E FRONT ST,
1209 E EIGHTH ST,
1065 W SOUTH AIRPORT RD,
845 WOODMERE AVE,
1606 BARLOW ST,
1132 US 31 NORTH,
410 S UNION ST,
928 S GARFIELD AVE,
436 1/2 W FRONT ST,
226 E FRONT ST,
1220 WOODMERE AVE,
114 E FRONT ST,
951 LYNCH DR,
3210 RACQUET CLUB DR,
3199 LOGAN VALLEY RD,
1300 BIRCH TREE LN,
120 W STATE ST,
539 E EIGHTH ST,
3180 RACQUET CLUB DR,
232 E STATE ST,
2296 CASS RD,
841 E FRONT ST,
119 BEAUMONT PL,
802 W FRONT ST,
2762 CASS RD,
1637 PARK DR,
807 E SOUTH AIRPORT RD,
822 E FRONT ST,
1797 PARK DR,
101 N PARK ST,
697 HANNAH AVE,
401 S UNION ST,
703 ROSE ST,
139 W STATE ST,
140 E FRONT ST,
1153 HASTINGS ST,
191 MARINA DR CFEST,
527 E EIGHTH ST,
216 MUNSON AVE,
1771 PARK DR ADDT,
13818 S WEST BAY SHORE DR,
691 PARSONS RD,
420 S UNION ST,
224 E STATE ST,
600 BAY HILL DR,
855 E FRONT ST,
208 W GRANDVIEW PKWY,
514 E FRONT ST,
1105 E FRONT ST,
921 W ELEVENTH ST,
1385 YELLOW DR,
824 W FRONT ST,
3139 N KEYSTONE RD,
502 E FRONT ST,
3283 RACQUET CLUB DR,
2674 CASS RD,
805 W FRONT ST,
2314 SYBRANDT RD,
2358 CASS RD,
319 E FRONT ST,
1117 W SOUTH AIRPORT RD UNIT,
122 S UNION ST,
800 COTTAGEVIEW DR STE,
3955 N US 31 SOUTH,
431 MUNSON AVE,
10850 EAST TRAVERSE HWY CELL,
305 W FRONT ST 1ST,
1161 HASTINGS ST,
418 S UNION ST,
3963 N THREE MILE RD,
116 E FRONT ST,
940 E EIGHTH ST,
421 SECOND ST BASE,
226 E SIXTEENTH ST,
500 S UNION ST SUITE,
2827 CASS RD,
4207 MITCHELL CREEK DR,
800 COTTAGEVIEW DR STE,
107 E STATE ST,
917 BARLOW ST,
545 S GARFIELD AVE,
1650 BARLOW ST,
1213 WEST CIVIC CENTER DR,
1186 AIRPORT ACCESS RD,
0 AIRPORT HANGER LOT,
2904 GLEN DR,
330 E FRONT ST,
747 E EIGHTH ST,
941 HASTINGS ST,
442 SEVENTH ST,
1605 US 31 NORTH,
400 CASS ST,
227 FAIR ST,
1129 WOODMERE AVE STE,
1767 PARK DR,
1338 BIRCH TREE LN,
830 COTTAGEVIEW DR STE,
219 E FRONT ST,
200 WASHINGTON ST,
104 MACKEY DR,
2415 DIAMOND DR,
876 ROBINWOOD CT,
659 BAY HILL DR,
620 WOODMERE AVE,
718 MUNSON AVE,
2151 CASS RD,
728 HASTINGS ST UNIT,
934 HASTINGS ST,
1440 FOREST PARK DR,
346 E FRONT ST,
1517 WOODMERE AVE,
537 S GARFIELD AVE,
720 FITZHUGH DR,
415 E FRONT ST #HPA,
210 E FRONT ST,
6475 CENTER RD,
203 E FRONT ST,
630 S GARFIELD AVE,
3180 RACQUET CLUB DR,
215 WASHINGTON ST,
1137 WOODMERE AVE,
232 1/2 E FRONT ST,
225 E SIXTEENTH ST STE,
695 PARSONS RD,
802 S GARFIELD AVE,
550 GEORGETOWN DR,
901 W FRONT ST,
2259 TRAVERSEFIELD DR,
223 E STATE ST,
692 HANNAH AVE STE,
619 E EIGHTH ST,
205 E FRONT ST,
107 CASS ST,
645 BAY HILL DR,
2883 AERO PARK DR,
203 E FRONT ST,
800 COTTAGEVIEW DR,
1129 WOODMERE AVE,
240 WASHINGTON ST,
1689 PARK DR,
2811 CASS RD,
720 CENTRE PL,
0 KEYSTONE DR & PARK DR,
429 W FIFTEENTH ST,
0 FRONT & OAK ST,
830 E FRONT ST,
333 W GRANDVIEW PKWY STE,
3287 RACQUET CLUB DR,
1211 E FRONT ST,
440 MUNSON AVE,
3116 LOGAN VALLEY RD,
728 HASTINGS ST UNIT,
920 S GARFIELD AVE,
536 WOODMERE AVE,
1129 WOODMERE AVE STE,
853 E FRONT ST,
221 GARLAND ST STE,
402 W NINTH ST,
114 1/2 E FRONT ST,
3041 N GARFIELD RD,
346 E FRONT ST,
905 1/2 WOODMERE AVE,
620 W NINTH ST,
118 CASS ST,
217 E FRONT ST,
1525 S DIVISION ST,
853 E FRONT ST,
915 CARVER ST,
232 1/2 E FRONT ST,
1169 HASTINGS ST,
920 HASTINGS ST,
611 E EIGHTH ST,
2000 RANDOLPH ST,
790 CENTRE PL,
1126 BARLOW ST,
319 N ELMWOOD AVE STE,
141 RIVERS EDGE DR,
525 1/2 S UNION ST,
125 PARK ST,
13872 S COMPASS ROSE DR,
1329 W SOUTH AIRPORT RD,
823 S GARFIELD AVE,
1641 BAY HILL TER,
415 MUNSON AVE,
1567 W SOUTH AIRPORT RD,
740 CENTRE PL,
720 E EIGHTH ST,
1015 S GARFIELD AVE,
718 MUNSON AVE,
601 RANDOLPH ST,
1207 WOODMERE AVE,
411 S UNION ST,
1500 RAMSDELL ST,
2749 AERO PARK DR,
216 E FRONT ST,
1440 BARLOW ST,
860 ROBINWOOD CT,
817 SEVENTH ST,
3002 N GARFIELD RD,
301 W GRANDVIEW PKWY,
2702 AERO PARK DR,
628 FERN ST,
641 RIVERINE DR,
227 E FRONT ST,
10975 BREWERY CREEK LN,
1105 E FRONT ST,
3011 N GARFIELD RD,
1427 WOODMERE AVE,
244 WASHINGTON ST,
1116 WAYNE ST,
225 E SIXTEENTH ST STE,
1941 US 31 NORTH SIGN,
693 PARSONS RD,
1511 KENT ST,
415 E FRONT ST #P1B,
430 MONROE ST,
123 E ELEVENTH ST,
731 WOODMERE AVE,
914 E FRONT ST UNIT,
1777 S GARFIELD AVE,
1109 E FRONT ST,
1650 BARLOW ST,
928 S GARFIELD AVE,
921 W FRONT ST,
1615 PARK DR,
1701 E FRONT ST,
743 WOODMERE AVE,
1717 US 31 NORTH,
402 W TWELFTH ST,
2244 CASS RD,
630 S GARFIELD AVE,
3680 CASS RD,
806 S GARFIELD AVE,
2780 CASS RD,
1495 NEWPORT ST HOUSE,
844 ROBINWOOD CT,
805 W FRONT ST,
224 E STATE ST,
433 1/2 SEVENTH ST,
0 CHERRYLAND MALL/GARFIELD AVE,
922 E FRONT ST UNIT,
2920 GLEN DR,
10507 E BREWERY CREEK LN,
0 WEST END BEACH,
1048 S GARFIELD AVE,
237 LAKE AVE STE,
401 W FRONT ST,
118 S UNION ST,
3240 RACQUET CLUB DR,
102 S UNION ST,
1240 BOON ST,
109 E FRONT ST,
548 E FRONT ST,
147 E FRONT ST,
3257 RACQUET CLUB DR,
719 WOODMERE AVE,
140 E FRONT ST,
140 E FRONT ST,
109 E FRONT ST,
820 CENTRE ST,
898 PINE GROVE AVE,
722 MUNSON AVE,
415 E FRONT ST #P3,
1207 WOODMERE AVE,
999 SIXTH ST,
1165 HASTINGS ST,
3030 N GARFIELD RD,
705 PARSONS RD,
300 W GRANDVIEW PKWY CFEST,
537 BAY ST,
500 S UNION ST SUITE,
921 W ELEVENTH ST,
1502 BARLOW ST,
0 COTTAGEVIEW/SILVER DR,
1861 E COLLEGE DR,
1566 US 31 NORTH,
741 WOODMERE AVE,
13900 S WEST BAY SHORE DR,
920 BARLOW ST,
117 1/2 S UNION ST,
710 CENTRE PL,
884 ROBINWOOD CT,
155 GARLAND ST,
1180 AIRPORT ACCESS RD,
903 1/2 WOODMERE AVE,
346 E FRONT ST,
0 CARVER ST & S GARFIELD AV,
1213 WEST CIVIC CENTER DR,
530 GEORGETOWN DR,
853 E FRONT ST,
0 MITCHELL CREEK DR,
123 E FRONT ST,
720 S GARFIELD AVE,
101 N PARK ST,
0 CASS (AMPHITHEATER),
116 E FRONT ST,
2751 N US 31 SOUTH,
919 LYNCH DR,
333 S GARFIELD AVE,
1620 BAY HILL TER,
118 CASS ST,
1742 BARLOW ST,
2000 RANDOLPH ST,
1427 WOODMERE AVE,
512 W FOURTEENTH ST,
104 S UNION ST,
1149 HASTINGS ST,
515 W FOURTEENTH ST,
751 WOODMERE AVE,
133 W STATE ST,
1201 E FRONT ST,
230 E FOURTEENTH ST,
917 THIRD ST,
403 E STATE ST,
2955 N KEYSTONE RD,
1725 S UNION ST,
1057 W SOUTH AIRPORT RD,
1014 SIXTH ST STE,
801 PARSONS RD,
13804 S WEST BAY SHORE DR,
104 E FRONT ST,
3950 SCENIC RIDGE,
800 COTTAGEVIEW DR,
0 N THREE MILE RD & PARSONS,
802 S GARFIELD AVE,
868 ROBINWOOD CT,
137 E STATE ST,
3643 W FRONT ST,
894 MUNSON AVE,
704 MUNSON AVE,
914 E FRONT ST UNIT,
707 E STATE ST,
12935 S WEST BAY SHORE DR,
1606 BARLOW ST,
731 S GARFIELD AVE,
104 S UNION ST,
232 E FRONT ST,
131 E FRONT ST,
1535 S DIVISION ST,
501 GEORGETOWN DR,
530 E EIGHTH ST,
1502 BARLOW ST,
821 ROBINWOOD CT,
1311 WOODMERE AVE,
1151 S GARFIELD AVE,
1427 NEWPORT ST,
1100 AIRPORT ACCESS RD,
619 E EIGHTH ST,
0 HANNAH AVE & WOODMERE AVE,
956 W SOUTH AIRPORT RD,
224 E FOURTEENTH ST,
1240 E EIGHTH ST,
153 E FRONT ST,
417 S UNION ST,
1135 WOODMERE AVE,